Filename,Source,Photographer,Photographer Profile,Photo Page,Content Title
solar_panels_513dBrMJ_5w.jpg,Unsplash,American Public Power Association,https://unsplash.com/@publicpowerorg,https://unsplash.com/photos/513dBrMJ_5w,
humidity_insulation_1_aCshJn3y93s.jpg,Unsplash,Erik Mclean,https://unsplash.com/@introspectivedsgn,https://unsplash.com/photos/person-in-blue-pants-sitting-on-brown-wooden-floor-aCshJn3y93s,The Humidity Problem My Insulation Upgrade Created
ventilation_strategy_1_SW8sKEBvbts.jpg,Unsplash,Anton Darius,https://unsplash.com/@thesollers,https://unsplash.com/photos/water-dew-on-glass-SW8sKEBvbts,What I Learned Choosing a Ventilation Strategy for My Airtight Old House
ventilation_strategy_2_yZmHFF-g-W0.jpg,Unsplash,Compagnons,https://unsplash.com/@sigmund,https://unsplash.com/photos/black-and-gray-metal-pipe-yZmHFF-g-W0,What I Learned Choosing a Ventilation Strategy for My Airtight Old House
insulation_mold_1_GXITWKvgm-k.jpg,Unsplash,Zohair Mirza,https://unsplash.com/@zamclicks,https://unsplash.com/photos/a-man-with-a-hammer-on-top-of-a-roof-GXITWKvgm-k,"Too Much Insulation, Too Much Mold"
insulation_mold_2__6Ae1LgFFFA.jpg,Unsplash,michael schaffler,https://unsplash.com/@schaffler,https://unsplash.com/photos/a-close-up-of-a-piece-of-metal-with-moss-growing-on-it-_6Ae1LgFFFA,"Too Much Insulation, Too Much Mold"
voc_offgassing_1_YG19gb9jW0I.jpg,Unsplash,Arthur Lambillotte,https://unsplash.com/@artlambi,https://unsplash.com/photos/a-person-holding-a-device-YG19gb9jW0I,VOC Offgassing in Green Building Materials: What My Meter Keeps Finding
voc_offgassing_2_80DAbtNfh4k.jpg,Unsplash,Saiful Islam,https://unsplash.com/@cgistudio,https://unsplash.com/photos/a-modern-kitchen-with-a-bar-and-stools-80DAbtNfh4k,VOC Offgassing in Green Building Materials: What My Meter Keeps Finding
voc_offgassing_3_oodKiqDIyCE.jpg,Unsplash,Fujiphilm,https://unsplash.com/@fujiphilm,https://unsplash.com/photos/a-white-air-conditioner-sitting-under-a-table-oodKiqDIyCE,VOC Offgassing in Green Building Materials: What My Meter Keeps Finding
radon_1_bATo1e3Q0zU.jpg,Unsplash,Alex Pavor,https://unsplash.com/@pavor99,https://unsplash.com/photos/a-workshop-with-tools-and-storage-shelves-bATo1e3Q0zU,The Radon I Sealed Into My Own House
radon_2_EIFClexGhzg.jpg,Unsplash,Pawel Czerwinski,https://unsplash.com/@pawel_czerwinski,https://unsplash.com/photos/gray-tube-type-lamp-EIFClexGhzg,The Radon I Sealed Into My Own House
