"type","title","slug","status","date"
"page","Home Performance and Air Quality Terms, Explained Plainly","home-performance-and-air-quality-terms-explained-plainly","published",""
"page","What Your Symptoms Might Be Telling You About Your Home's Air","what-your-symptoms-might-be-telling-you-about-your-home-s-air","published",""
"page","A Checklist for Spotting a Poorly Sealed or Insulated Home","a-checklist-for-spotting-a-poorly-sealed-or-insulated-home","published",""
"page","How to Spot the Red Flags of Greenwashing","how-to-spot-the-red-flags-of-greenwashing","published",""
"post","The Humidity Problem My Insulation Upgrade Created","the-humidity-problem-my-insulation-upgrade-created","future","18/10/2026 9:00"
"post","What I Learned Choosing a Ventilation Strategy for My Airtight Old House","what-i-learned-choosing-a-ventilation-strategy-for-my-airtight-old-house","future","25/10/2026 9:00"
"post","Too Much Insulation, Too Much Mold","too-much-insulation-too-much-mold","future","01/11/2026 9:00"
"post","VOC Offgassing in Green Building Materials: What My Meter Keeps Finding","voc-offgassing-in-green-building-materials-what-my-meter-keeps-finding","future","08/11/2026 9:00"
"post","The Radon I Sealed Into My Own House","the-radon-i-sealed-into-my-own-house","future","15/11/2026 9:00"
